Boston, MA
Portland, ME
Acadia National Park, ME
Mount Washington, NH
Milton, NH
Sunapee, NH
Albany, NY
Rochester, NY
Niagara Falls, ON
Ann Arbor, MI
Fort Wayne, IN
Peru, IN
Indianapolis, IN
Louisville, KY
Nashville, TN
Great Smokey Mountain National Park, TN
Charleston, WV
Columbus, OH
Cincinnati, OH
Purdue University, IN
Valparaiso, IN
Chicago, IL
Milwaukee, WI
Minneapolis, MN
Badlands National Park, SD
Bozeman, MT
Yellowstone National Park, WY
Grand Teton National Park, WY
Jackson, WY
Boise, ID
Mount Rainier National Park, WA
Olympic National Park, WA
Seattle, WA
Vancouver, BC
